{"cameraMode":{"drawMode":0,"name":"Shaded","section":"Shading Mode"},"sceneLighting":true,"audioPlay":false,"sceneViewState":{"m_AlwaysRefresh":false,"showFog":true,"showSkybox":true,"showFlares":true,"showImageEffects":true,"showParticleSystems":true,"showVisualEffectGraphs":true,"m_FxEnabled":true},"in2DMode":false,"pivot":{"x":355.68743896484377,"y":471.0008544921875,"z":128.51719665527345},"rotation":{"x":-0.18401490151882173,"y":0.25599855184555056,"z":-0.05075095221400261,"w":-0.9479590058326721},"size":333.6395263671875,"orthographic":false}